﻿<?xml version="1.0"?>
<doc>
<assembly>
<name>
BeloSMS
</name>
</assembly>
<members>
<member name="P:BeloSMS.My.Resources.Resources.ResourceManager">
	<summary>
  Returns the cached ResourceManager instance used by this class.
</summary>
</member><member name="P:BeloSMS.My.Resources.Resources.Culture">
	<summary>
  Overrides the current thread's CurrentUICulture property for all
  resource lookups using this strongly typed resource class.
</summary>
</member><member name="P:BeloSMS.My.Resources.Resources.belo_sms2">
	<summary>
  Looks up a localized resource of type System.Drawing.Bitmap.
</summary>
</member><member name="P:BeloSMS.My.Resources.Resources.deletered_24">
	<summary>
  Looks up a localized resource of type System.Drawing.Bitmap.
</summary>
</member><member name="P:BeloSMS.My.Resources.Resources.Document_Write_icon_32">
	<summary>
  Looks up a localized resource of type System.Drawing.Bitmap.
</summary>
</member><member name="P:BeloSMS.My.Resources.Resources.Email_Reply_icon_24">
	<summary>
  Looks up a localized resource of type System.Drawing.Bitmap.
</summary>
</member><member name="P:BeloSMS.My.Resources.Resources.Wall_clock">
	<summary>
  Looks up a localized resource of type System.Drawing.Bitmap.
</summary>
</member><member name="T:BeloSMS.My.Resources.Resources">
	<summary>
  A strongly-typed resource class, for looking up localized strings, etc.
</summary>
</member>
</members>
</doc>